{"textures":{"1":"item/firework_rocket","2":"block/iron_block","particle":"block/iron_block"},"elements":[{"from":[4,5,30],"to":[11,12,31],"faces":{"north":{"uv":[0,0,16,3],"texture":"#2"},"east":{"uv":[0,0,16,3],"texture":"#2"},"south":{"uv":[0,0,16,3],"texture":"#2"},"west":{"uv":[0,0,16,3],"texture":"#2"},"up":{"uv":[0,0,16,3],"texture":"#2"},"down":{"uv":[0,0,16,3],"texture":"#2"}}},{"from":[6,7,-2],"to":[9,10,30],"faces":{"north":{"uv":[0,0,16,3],"texture":"#2"},"east":{"uv":[0,0,16,3],"texture":"#2"},"south":{"uv":[0,0,16,3],"texture":"#2"},"west":{"uv":[0,0,16,3],"texture":"#2"},"up":{"uv":[0,0,16,3],"texture":"#2"},"down":{"uv":[0,0,16,3],"texture":"#2"}}},{"from":[7,2,7],"to":[8,7,8],"faces":{"north":{"uv":[0,0,16,3],"texture":"#2"},"east":{"uv":[0,0,16,3],"texture":"#2"},"south":{"uv":[0,0,16,3],"texture":"#2"},"west":{"uv":[0,0,16,3],"texture":"#2"},"up":{"uv":[0,0,16,3],"texture":"#2"},"down":{"uv":[0,0,16,3],"texture":"#2"}}},{"from":[7,4,17],"to":[8,7,18],"faces":{"north":{"uv":[0,0,16,3],"texture":"#2"},"east":{"uv":[0,0,16,3],"texture":"#2"},"south":{"uv":[0,0,16,3],"texture":"#2"},"west":{"uv":[0,0,16,3],"texture":"#2"},"up":{"uv":[0,0,16,3],"texture":"#2"},"down":{"uv":[0,0,16,3],"texture":"#2"}}},{"name":"firework_rocket_1","from":[7.20285,8.20356,-4],"to":[8.20285,9.20356,-2],"rotation":{"angle":0,"axis":"z","origin":[7.7032,7.50036,-8.51606]},"faces":{"north":{"uv":[8,14,9,13],"rotation":90,"texture":"#1"},"east":{"uv":[8,14,9,13],"rotation":90,"texture":"#1"},"south":{"uv":[8,14,9,13],"rotation":90,"texture":"#1"},"west":{"uv":[8,14,9,13],"rotation":90,"texture":"#1"},"up":{"uv":[8,14,9,13],"rotation":90,"texture":"#1"},"down":{"uv":[8,14,9,13],"rotation":90,"texture":"#1"}}}],"display":{"thirdperson_righthand":{"rotation":[24,0,0],"translation":[0.5,4.75,3.75]},"firstperson_righthand":{"rotation":[0,-5,0],"translation":[1.25,4.5,2]},"ground":{"translation":[0,5.5,0],"scale":[0.6,0.6,0.6]},"gui":{"rotation":[-90,-133,-90],"translation":[0.5,0,0],"scale":[0.46,0.46,0.42]},"head":{"rotation":[0,90,0],"translation":[-4.5,9.25,0]},"fixed":{"rotation":[90,44,-90],"translation":[-0.25,0,-1.5],"scale":[0.5,0.5,0.5]}}}