{"credit":"MadewithBlockbench","textures":{"0":"block/spruce_planks","1":"block/oak_planks","2":"block/iron_bars","3":"block/black_wool","4":"block/black_wool","5":"block/black_wool"},"elements":[{"name":"brostaxilo","from":[0,0,0],"to":[16,10,1],"faces":{"north":{"uv":[0,0,16,10],"texture":"#0"},"east":{"uv":[0,1,1,11],"texture":"#0"},"south":{"uv":[14,0,2,10],"texture":"#0"},"west":{"uv":[0,0,1,12],"texture":"#0"},"up":{"uv":[0,0,16,1],"texture":"#0"},"down":{"uv":[0,0,16,1],"texture":"#0"}}},{"name":"dexixilo","from":[15,0,1],"to":[16,10,12],"faces":{"north":{"uv":[0,0,1,10],"texture":"#0"},"east":{"uv":[0,0,11,10],"texture":"#0"},"south":{"uv":[0,0,1,10],"texture":"#0"},"west":{"uv":[1,0,-10,14],"texture":"#0"},"up":{"uv":[7,0,8,3],"texture":"#0"},"down":{"uv":[0,0,1,11],"texture":"#0"}}},{"name":"aristeroxilo","from":[0,0,1],"to":[1,10,12],"faces":{"north":{"uv":[0,0,1,10],"texture":"#0"},"east":{"uv":[3,0,14,10],"texture":"#0"},"south":{"uv":[0,0,1,10],"texture":"#0"},"west":{"uv":[2,2,13,12],"texture":"#0"},"up":{"uv":[5,1,6,3],"texture":"#0"},"down":{"uv":[0,0,1,11],"texture":"#0"}}},{"name":"panotrapezi1","from":[0,10,0],"to":[8,11,12],"faces":{"north":{"uv":[0,0,8,1],"texture":"#1"},"east":{"uv":[0,0,12,1],"texture":"#1"},"south":{"uv":[0,0,8,1],"texture":"#1"},"west":{"uv":[0,0,12,1],"texture":"#1"},"up":{"uv":[0,0,8,12],"texture":"#1"},"down":{"uv":[0,0,8,12],"texture":"#1"}}},{"name":"panotrapezi2","from":[8,10,7],"to":[16,11,12],"faces":{"north":{"uv":[0,0,8,1],"texture":"#1"},"east":{"uv":[0,0,5,1],"texture":"#1"},"south":{"uv":[0,0,8,1],"texture":"#1"},"west":{"uv":[0,0,5,1],"texture":"#1"},"up":{"uv":[0,3,8,8],"texture":"#1"},"down":{"uv":[0,0,8,5],"texture":"#1"}}},{"name":"panotrapezi3","from":[8,10,0],"to":[16,11,1],"faces":{"north":{"uv":[0,0,8,1],"texture":"#1"},"east":{"uv":[0,0,1,1],"texture":"#1"},"south":{"uv":[0,0,8,1],"texture":"#1"},"west":{"uv":[0,0,1,1],"texture":"#1"},"up":{"uv":[2,2,10,3],"texture":"#1"},"down":{"uv":[0,0,8,1],"texture":"#1"}}},{"name":"panotrapezi4","from":[15,10,1],"to":[16,11,7],"faces":{"north":{"uv":[0,0,1,1],"texture":"#1"},"east":{"uv":[0,0,6,1],"texture":"#1"},"south":{"uv":[0,1,2,2],"texture":"#1"},"west":{"uv":[0,9,-5,5],"texture":"#1"},"up":{"uv":[0,0,3,3],"texture":"#1"},"down":{"uv":[0,0,1,6],"texture":"#1"}}},{"name":"kados1","from":[8,5,1],"to":[15,6,7],"faces":{"north":{"uv":[0,0,16,16],"texture":"#2"},"east":{"uv":[0,0,16,16],"texture":"#2"},"south":{"uv":[0,0,16,16],"texture":"#2"},"west":{"uv":[0,0,16,16],"texture":"#2"},"up":{"uv":[0,0,16,16],"texture":"#2"},"down":{"uv":[0,0,16,16],"texture":"#1"}}},{"name":"kados2","from":[8,5,7],"to":[15,10,8],"faces":{"north":{"uv":[0,0,16,16],"texture":"#2"},"east":{"uv":[0,0,16,16],"texture":"#2"},"south":{"uv":[0,0,16,16],"texture":"#1"},"west":{"uv":[0,0,16,16],"texture":"#2"},"up":{"uv":[0,0,16,16],"texture":"#2"},"down":{"uv":[0,0,8,5],"texture":"#1"}}},{"name":"kados3","from":[7,5,1],"to":[8,10,8],"faces":{"north":{"uv":[0,0,14,16],"texture":"#2"},"east":{"uv":[0,0,16,16],"texture":"#2"},"south":{"uv":[0,0,16,16],"texture":"#1"},"west":{"uv":[16,0,0,16],"texture":"#1"},"up":{"uv":[0,0,16,16],"texture":"#2"},"down":{"uv":[6,0,11,11],"texture":"#1"}}},{"name":"kados4","from":[8,6,1],"to":[15,11,2],"faces":{"north":{"uv":[0,0,16,16],"texture":"#2"},"east":{"uv":[0,0,16,16],"texture":"#2"},"south":{"uv":[0,0,16,16],"texture":"#2"},"west":{"uv":[0,0,16,16],"texture":"#2"},"up":{"uv":[6,5,8,6],"texture":"#1"},"down":{"uv":[0,0,16,16],"texture":"#2"}}},{"name":"pc","from":[2,0,3],"to":[6,7,10],"faces":{"north":{"uv":[2,1,14,15],"texture":"#3"},"east":{"uv":[2,1,14,15],"texture":"#3"},"south":{"uv":[0,0,16,16],"texture":"#4"},"west":{"uv":[14,1,2,15],"texture":"#3"},"up":{"uv":[2,1,14,15],"texture":"#3"},"down":{"uv":[2,1,14,15],"texture":"#3"}}},{"name":"monitorbase","from":[2,11,8],"to":[5,12,11],"faces":{"north":{"uv":[0,0,16,16],"texture":"#3"},"east":{"uv":[0,0,16,16],"texture":"#3"},"south":{"uv":[0,0,16,16],"texture":"#3"},"west":{"uv":[0,0,16,16],"texture":"#3"},"up":{"uv":[0,0,16,16],"texture":"#3"},"down":{"uv":[0,0,16,16],"texture":"#3"}}},{"name":"monitorstirixtiri","from":[3,12,9],"to":[4,15,10],"faces":{"north":{"uv":[0,0,16,16],"texture":"#3"},"east":{"uv":[0,0,16,16],"texture":"#3"},"south":{"uv":[0,0,16,16],"texture":"#3"},"west":{"uv":[0,0,16,16],"texture":"#3"},"up":{"uv":[0,0,16,16],"texture":"#3"},"down":{"uv":[0,0,16,16],"texture":"#3"}}},{"name":"kados5","from":[14,5,2],"to":[15,11,7],"faces":{"north":{"uv":[0,0,16,16],"texture":"#2"},"east":{"uv":[0,0,16,16],"texture":"#1"},"south":{"uv":[0,0,16,16],"texture":"#2"},"west":{"uv":[16,0,0,16],"texture":"#2"},"up":{"uv":[3,0,0,3],"texture":"#1"},"down":{"uv":[0,0,16,16],"texture":"#1"}}},{"name":"monitorface","from":[-1,14,9],"to":[8,20,11],"faces":{"north":{"uv":[0,0,9,6],"texture":"#3"},"east":{"uv":[0,0,1,6],"texture":"#3"},"south":{"uv":[0,0,16,16],"texture":"#5"},"west":{"uv":[0,0,1,6],"texture":"#3"},"up":{"uv":[0,0,9,1],"texture":"#3"},"down":{"uv":[0,0,9,1],"texture":"#3"}}},{"name":"mouse","from":[6,11,8],"to":[8,12,11],"faces":{"north":{"uv":[0,0,2,1],"texture":"#3"},"east":{"uv":[0,0,3,1],"texture":"#3"},"south":{"uv":[0,0,2,1],"texture":"#3"},"west":{"uv":[0,0,3,1],"texture":"#3"},"up":{"uv":[6,4,8,7],"texture":"#3"},"down":{"uv":[0,0,2,3],"texture":"#3"}}}],"display":{"thirdperson_righthand":{"scale":[0.5,0.5,0.5]},"thirdperson_lefthand":{"scale":[0.5,0.5,0.5]},"firstperson_righthand":{"scale":[0.5,0.5,0.5]},"firstperson_lefthand":{"scale":[0.5,0.5,0.5]},"ground":{"translation":[0,1,0],"scale":[0.25,0.25,0.25]},"gui":{"rotation":[25,45,0],"translation":[0.5,0,0],"scale":[0.59,0.59,0.59]},"head":{"translation":[0,-14.5,0],"scale":[2.3,2.3,2.3]},"fixed":{"rotation":[0,180,0],"translation":[0,1,-3.75],"scale":[0.5,0.5,0.5]}}}