{"parent":"minecraft:item/generated","textures":{"layer0":"minecraft:item/apple"},"overrides":[{"predicate":{"custom_model_data":10000},"model":"iasurvival:ia_auto_gen/lettuce"},{"predicate":{"custom_model_data":10001},"model":"iasurvival:ia_auto_gen/garlic"},{"predicate":{"custom_model_data":10002},"model":"iasurvival:ia_auto_gen/pear"},{"predicate":{"custom_model_data":10003},"model":"iasurvival:ia_auto_gen/tomato"},{"predicate":{"custom_model_data":10004},"model":"iasurvival:ia_auto_gen/chili_pepper"},{"predicate":{"custom_model_data":10005},"model":"iasurvival:ia_auto_gen/banana"},{"predicate":{"custom_model_data":10006},"model":"iasurvival:ia_auto_gen/rice"},{"predicate":{"custom_model_data":10007},"model":"item/apple"}]}