{"parent":"minecraft:item/generated","textures":{"layer0":"minecraft:item/cooked_porkchop"},"overrides":[{"predicate":{"custom_model_data":10000},"model":"iasurvival:ia_auto_gen/pufferfish_nigiri"},{"predicate":{"custom_model_data":10001},"model":"iasurvival:ia_auto_gen/tuna"},{"predicate":{"custom_model_data":10002},"model":"iasurvival:ia_auto_gen/donut_base"},{"predicate":{"custom_model_data":10003},"model":"iasurvival:ia_auto_gen/sliced_bread"},{"predicate":{"custom_model_data":10004},"model":"iasurvival:ia_auto_gen/sliced_roast_beef"},{"predicate":{"custom_model_data":10005},"model":"iasurvival:ia_auto_gen/sliced_baguette"},{"predicate":{"custom_model_data":10006},"model":"iasurvival:ia_auto_gen/cooked_blue_parrotfish"},{"predicate":{"custom_model_data":10007},"model":"iasurvival:ia_auto_gen/sweet"},{"predicate":{"custom_model_data":10008},"model":"iasurvival:ia_auto_gen/sliced_bread_with_pear_jam"},{"predicate":{"custom_model_data":10009},"model":"iasurvival:ia_auto_gen/pizza"},{"predicate":{"custom_model_data":10010},"model":"iasurvival:ia_auto_gen/sliced_raw_beef"},{"predicate":{"custom_model_data":10011},"model":"iasurvival:ia_auto_gen/broken_egg"},{"predicate":{"custom_model_data":10012},"model":"iasurvival:ia_auto_gen/chips"},{"predicate":{"custom_model_data":10013},"model":"iasurvival:ia_auto_gen/sweet_stick"},{"predicate":{"custom_model_data":10014},"model":"iasurvival:ia_auto_gen/hotdog"},{"predicate":{"custom_model_data":10015},"model":"iasurvival:ia_auto_gen/potato_sticks"},{"predicate":{"custom_model_data":10016},"model":"iasurvival:ia_auto_gen/cooked_sausage"},{"predicate":{"custom_model_data":10017},"model":"iasurvival:ia_auto_gen/sliced_bread_with_sweet_berries_jam"},{"predicate":{"custom_model_data":10018},"model":"iasurvival:ia_auto_gen/french_fries"},{"predicate":{"custom_model_data":10019},"model":"iasurvival:ia_auto_gen/sausage"},{"predicate":{"custom_model_data":10020},"model":"iasurvival:ia_auto_gen/hamburger"},{"predicate":{"custom_model_data":10021},"model":"iasurvival:ia_auto_gen/cooked_black_moor_goldfish"},{"predicate":{"custom_model_data":10022},"model":"iasurvival:ia_auto_gen/cooked_tuna"},{"predicate":{"custom_model_data":10023},"model":"iasurvival:ia_auto_gen/salmon_nigiri"},{"predicate":{"custom_model_data":10024},"model":"iasurvival:ia_auto_gen/sliced_cheese"},{"predicate":{"custom_model_data":10025},"model":"iasurvival:ia_auto_gen/cooked_donut_base"},{"predicate":{"custom_model_data":10026},"model":"iasurvival:ia_auto_gen/pink_donut"},{"predicate":{"custom_model_data":10027},"model":"iasurvival:ia_auto_gen/fried_potato_sticks"},{"predicate":{"custom_model_data":10028},"model":"iasurvival:ia_auto_gen/baguette"},{"predicate":{"custom_model_data":10029},"model":"iasurvival:ia_auto_gen/cod_nigiri"},{"predicate":{"custom_model_data":10030},"model":"iasurvival:ia_auto_gen/nether_donut"},{"predicate":{"custom_model_data":10031},"model":"iasurvival:ia_auto_gen/cooked_goldfish"},{"predicate":{"custom_model_data":10032},"model":"iasurvival:ia_auto_gen/goldfish"},{"predicate":{"custom_model_data":10033},"model":"iasurvival:ia_auto_gen/tropical_fish_nigiri"},{"predicate":{"custom_model_data":10034},"model":"iasurvival:ia_auto_gen/black_moor_goldfish"},{"predicate":{"custom_model_data":10035},"model":"iasurvival:ia_auto_gen/green_sunfish"},{"predicate":{"custom_model_data":10036},"model":"iasurvival:ia_auto_gen/cooked_green_sunfish"},{"predicate":{"custom_model_data":10037},"model":"iasurvival:ia_auto_gen/fried_egg"},{"predicate":{"custom_model_data":10038},"model":"iasurvival:ia_auto_gen/blue_parrotfish"},{"predicate":{"custom_model_data":10039},"model":"iasurvival:ia_auto_gen/peeled_potato"},{"predicate":{"custom_model_data":10040},"model":"iasurvival:ia_auto_gen/sliced_bread_with_apple_jam"},{"predicate":{"custom_model_data":10041},"model":"iasurvival:ia_auto_gen/cheese"},{"predicate":{"custom_model_data":10042},"model":"iasurvival:ia_auto_gen/taco"},{"predicate":{"custom_model_data":10043},"model":"item/cooked_porkchop"}]}