{"parent":"minecraft:item/generated","textures":{"layer0":"minecraft:item/iron_ingot"},"overrides":[{"predicate":{"custom_model_data":10000},"model":"iasurvival:ia_auto_gen/aqua_aura"},{"predicate":{"custom_model_data":10001},"model":"iasurvival:ia_auto_gen/fossil"},{"predicate":{"custom_model_data":10002},"model":"iasurvival:ia_auto_gen/raw_tin_and_copper_ingot_dust"},{"predicate":{"custom_model_data":10003},"model":"iasurvival:ia_auto_gen/ruby"},{"predicate":{"custom_model_data":10004},"model":"iasurvival:ia_auto_gen/spinel"},{"predicate":{"custom_model_data":10005},"model":"iasurvival:ia_auto_gen/raw_tin"},{"predicate":{"custom_model_data":10006},"model":"iasurvival:ia_auto_gen/end_crystals"},{"predicate":{"custom_model_data":10007},"model":"iasurvival:ia_auto_gen/cassiterite"},{"predicate":{"custom_model_data":10008},"model":"iasurvival:ia_auto_gen/end_shard"},{"predicate":{"custom_model_data":10009},"model":"iasurvival:ia_auto_gen/bronze_ingot"},{"predicate":{"custom_model_data":10010},"model":"iasurvival:ia_auto_gen/turquoise"},{"predicate":{"custom_model_data":10011},"model":"iasurvival:ia_auto_gen/dark_amethyst"},{"predicate":{"custom_model_data":10012},"model":"iaalchemy:ia_auto_gen/mysterious_material"},{"predicate":{"custom_model_data":10013},"model":"iasurvival:ia_auto_gen/end_ingot"},{"predicate":{"custom_model_data":10014},"model":"iasurvival:ia_auto_gen/knowledge_fragment"},{"predicate":{"custom_model_data":10015},"model":"iasurvival:ia_auto_gen/dark_amethyst_prism"},{"predicate":{"custom_model_data":10016},"model":"iasurvival:ia_auto_gen/cassiterite_fragment"},{"predicate":{"custom_model_data":10017},"model":"iasurvival:ia_auto_gen/crystal"},{"predicate":{"custom_model_data":10018},"model":"item/iron_ingot"}]}