{"parent":"minecraft:item/handheld","textures":{"layer0":"minecraft:item/wooden_sword"},"overrides":[{"predicate":{"custom_model_data":10000},"model":"iaspecial_swords:item/baseball_bat"},{"predicate":{"custom_model_data":10001},"model":"iaspecial_swords:item/gandalf_stick"},{"predicate":{"custom_model_data":10002},"model":"iasurvival:ia_auto_gen/chisel"},{"predicate":{"custom_model_data":10003},"model":"iasurvival:ia_auto_gen/knife"},{"predicate":{"custom_model_data":10004},"model":"iasurvival:ia_auto_gen/waterskin"},{"predicate":{"custom_model_data":10005},"model":"iasurvival:ia_auto_gen/sweets_sword"},{"predicate":{"custom_model_data":10006},"model":"iaspecial_swords:ia_auto_gen/guitar_sword"},{"predicate":{"custom_model_data":10007},"model":"item/wooden_sword"}]}